{"_timestamp":1.739775326193743e+09,"_runtime":11826.6779964,"_step":883,"_wandb":{"runtime":11838},"loss":2.337939977645874,"lr":5.000101221161983e-05,"epoch_Time":0}