{"lr":5.002835308995009e-06,"epoch_Time":0,"_timestamp":1.7397817653060567e+09,"_runtime":5135.8149576,"_step":189,"_wandb":{"runtime":5164},"loss":1.7331539392471313}