{"epoch_Time":78,"_timestamp":1.739776030633651e+09,"_runtime":58.973917900000004,"_step":1,"loss":2.030184030532837,"lr":5.49973781793739e-05,"_wandb":{"runtime":69}}