{"epoch_Time":46,"_timestamp":1.7397764702471328e+09,"_runtime":374.5760523,"_step":11,"loss":1.712473750114441,"_wandb":{"runtime":401},"lr":5.45868465838205e-05}