{"loss":1.9316238164901733,"lr":5.493069001058182e-05,"epoch_Time":48,"_timestamp":1.7397759487367914e+09,"_wandb":{"runtime":161},"_runtime":154.5118402,"_step":9}