{"lr":5.5e-05,"epoch_Time":4623,"_timestamp":1.7397757617969298e+09,"_wandb":{"runtime":38},"_runtime":24.9914592,"_step":0,"loss":2.4936652183532715}